{"cameraMode":{"drawMode":0,"name":"Shaded","section":"Shading Mode"},"sceneLighting":true,"audioPlay":false,"sceneViewState":{"m_AlwaysRefresh":false,"showFog":true,"showSkybox":true,"showFlares":true,"showImageEffects":true,"showParticleSystems":true,"showVisualEffectGraphs":true,"m_FxEnabled":true},"in2DMode":false,"pivot":{"x":-1.9979772567749024,"y":-0.5619920492172241,"z":5.050424575805664},"rotation":{"x":0.03659149631857872,"y":0.006901574786752462,"z":0.00023222138406708837,"w":-0.9993242025375366},"size":10.767821311950684,"orthographic":false}