{"cameraMode":{"drawMode":0,"name":"Shaded","section":"Shading Mode"},"sceneLighting":false,"audioPlay":false,"sceneViewState":{"m_AlwaysRefresh":false,"showFog":true,"showSkybox":false,"showFlares":true,"showImageEffects":true,"showParticleSystems":true,"showVisualEffectGraphs":true,"m_FxEnabled":true},"in2DMode":false,"pivot":{"x":961.7949829101563,"y":539.9509887695313,"z":3.368778705596924},"rotation":{"x":-0.017997682094573976,"y":0.015901552513241769,"z":-0.0003200132050551474,"w":-0.9997302889823914},"size":1.1323004961013795,"orthographic":false}